{"schemaVersion":"1.0","appDefinitionTemplate":{"id":"/providers/Microsoft.PowerApps/apps/","type":"Microsoft.PowerApps/apps","tags":{"primaryDeviceWidth":"640","primaryDeviceHeight":"1136","sienaVersion":"20220207T141958Z-3.22013.7.0","deviceCapabilities":"","supportsPortrait":"true","supportsLandscape":"true","primaryFormFactor":"Phone","publisherVersion":"3.22013.7","minimumRequiredApiVersion":"2.2.0","hasComponent":"false","hasUnlockedComponent":"false","isUnifiedRootApp":"false"},"properties":{"appVersion":"2022-02-07T14:19:58Z","lifeCycleId":"Published","createdByClientVersion":{"major":3,"minor":22013,"build":7,"revision":0,"majorRevision":0,"minorRevision":0},"minClientVersion":{"major":3,"minor":22013,"build":7,"revision":0,"majorRevision":0,"minorRevision":0},"backgroundColor":"RGBA(0,176,240,1)","backgroundImageUri":"/16630444156695784467/N4281e0e6-908d-41d7-859f-41e19fa2b499-logoSmallFile","displayName":"Long Press Demo","description":"","commitMessage":"","appUris":{"documentUri":{"value":"/16630444156695784467/Ncb7a75f7-ad27-4199-9576-451f5e690628-document.msapp"},"imageUris":[]},"createdTime":"0001-01-01T00:00:00Z","lastModifiedTime":"0001-01-01T00:00:00Z","sharedGroupsCount":0,"sharedUsersCount":0,"icons":{"smallIconUri":"/16630444156695784467/N5c763137-45cc-4e16-b974-05b9e7d0677e-small.png","mediumIconUri":"/16630444156695784467/Nff9a66ce-0d92-4baf-9332-2da6020892ac-medium.png","largeIconUri":"/16630444156695784467/N0fb31510-3656-46c6-af17-dc238b60a1a0-large.png","wideIconUri":"/16630444156695784467/N9d11619b-5152-4421-ac44-c634c5339467-wide.png"},"connectionReferences":{},"databaseReferences":{},"almMode":"Environment","performanceOptimizationEnabled":true,"canConsumeAppPass":true,"executionRestrictions":{"isTeamsOnly":false,"dataLossPreventionEvaluationResult":{"status":"Compliant","lastEvaluationDate":"2022-02-07T10:29:44.7907858Z","violations":[],"violationsByPolicy":[],"violationErrorMessage":"The app uses the following connectors: shared_sharepointonline."}}},"appType":"ClassicCanvasApp","appComponents":[]}}