{"schemaVersion":"1.0","appDefinitionTemplate":{"id":"/providers/Microsoft.PowerApps/apps/","type":"Microsoft.PowerApps/apps","tags":{"primaryDeviceWidth":"1366","primaryDeviceHeight":"768","sienaVersion":"20211116T105645Z-3.21102.25.0","deviceCapabilities":"","supportsPortrait":"true","supportsLandscape":"true","primaryFormFactor":"Tablet","publisherVersion":"3.21102.25","minimumRequiredApiVersion":"2.2.0","hasComponent":"false","hasUnlockedComponent":"false","isUnifiedRootApp":"false"},"properties":{"appVersion":"2021-11-16T10:56:45Z","lifeCycleId":"Published","createdByClientVersion":{"major":3,"minor":21102,"build":25,"revision":0,"majorRevision":0,"minorRevision":0},"minClientVersion":{"major":3,"minor":21102,"build":25,"revision":0,"majorRevision":0,"minorRevision":0},"backgroundColor":"rgba(246, 88, 16, 1)","backgroundImageUri":"/6741969040876772557/N6656d9bf-eded-48aa-bcba-98720778cf8c-logoSmallFile","displayName":"Square","description":"","commitMessage":"","appUris":{"documentUri":{"value":"/6741969040876772557/Nfa375603-08db-42fd-8c1f-d277587eff1b-document.msapp"},"imageUris":[]},"createdTime":"0001-01-01T00:00:00Z","lastModifiedTime":"0001-01-01T00:00:00Z","sharedGroupsCount":0,"sharedUsersCount":0,"icons":{"smallIconUri":"/6741969040876772557/N0e87b526-7004-4b61-9b16-6eb783553da7-small.png","mediumIconUri":"/6741969040876772557/Nc52944d6-64c2-4609-94a6-337de86a1c1f-medium.png","largeIconUri":"/6741969040876772557/N2b328e5e-cf74-49f0-a8b1-12bd2176b9e1-large.png","wideIconUri":"/6741969040876772557/N5b2fd3d7-742b-423e-a7df-9da313dbd673-wide.png"},"connectionReferences":{},"databaseReferences":{},"almMode":"Environment","performanceOptimizationEnabled":true,"canConsumeAppPass":true,"executionRestrictions":{"isTeamsOnly":false,"dataLossPreventionEvaluationResult":{"status":"Compliant","lastEvaluationDate":"2021-11-01T17:26:59.6907084Z","violations":[],"violationsByPolicy":[],"violationErrorMessage":"The app uses the following connectors: ."}}},"appType":"ClassicCanvasApp","appComponents":[]}}