{"schemaVersion":"1.0","appDefinitionTemplate":{"id":"/providers/Microsoft.PowerApps/apps/","type":"Microsoft.PowerApps/apps","tags":{"primaryDeviceWidth":"1366","primaryDeviceHeight":"768","sienaVersion":"20211027T201923Z-3.21102.25.0","deviceCapabilities":"","supportsPortrait":"true","supportsLandscape":"true","primaryFormFactor":"Tablet","publisherVersion":"3.21102.25","minimumRequiredApiVersion":"2.2.0","hasComponent":"false","hasUnlockedComponent":"false","isUnifiedRootApp":"false"},"properties":{"appVersion":"2021-10-27T20:19:23Z","lifeCycleId":"Published","createdByClientVersion":{"major":3,"minor":21102,"build":25,"revision":0,"majorRevision":0,"minorRevision":0},"minClientVersion":{"major":3,"minor":21102,"build":25,"revision":0,"majorRevision":0,"minorRevision":0},"backgroundColor":"RGBA(0,176,240,1)","backgroundImageUri":"/11287515079910974529/Ncd6028c7-8e52-4b17-872f-65367cbc3708-logoSmallFile","displayName":"Floorplan","description":"","commitMessage":"","appUris":{"documentUri":{"value":"/11287515079910974529/N4185c0ca-b425-404e-a099-f3bfbef863ee-document.msapp"},"imageUris":[]},"createdTime":"0001-01-01T00:00:00Z","lastModifiedTime":"0001-01-01T00:00:00Z","sharedGroupsCount":0,"sharedUsersCount":0,"icons":{"smallIconUri":"/11287515079910974529/N7e4f5dfa-7a3d-460f-9eac-8f2b3dc8fae3-small.png","mediumIconUri":"/11287515079910974529/N7186f870-5e58-4896-95ac-936717735dae-medium.png","largeIconUri":"/11287515079910974529/N6016950e-9904-48f3-8258-1eb1402068d1-large.png","wideIconUri":"/11287515079910974529/N6b2c9b59-7004-4f71-8695-579fa0c751a0-wide.png"},"connectionReferences":{},"databaseReferences":{},"almMode":"Environment","performanceOptimizationEnabled":true,"canConsumeAppPass":true,"executionRestrictions":{"isTeamsOnly":false,"dataLossPreventionEvaluationResult":{"status":"Compliant","lastEvaluationDate":"2021-10-27T20:19:39.5159802Z","violations":[],"violationsByPolicy":[],"violationErrorMessage":"The app uses the following connectors: ."}}},"appType":"ClassicCanvasApp","appComponents":[]}}