{"schemaVersion":"1.0","appDefinitionTemplate":{"id":"/providers/Microsoft.PowerApps/apps/","type":"Microsoft.PowerApps/apps","tags":{"primaryDeviceWidth":"640","primaryDeviceHeight":"1136","sienaVersion":"20220207T110343Z-3.22013.7.0","deviceCapabilities":"","supportsPortrait":"true","supportsLandscape":"true","primaryFormFactor":"Phone","publisherVersion":"3.22013.7","minimumRequiredApiVersion":"2.2.0","hasComponent":"false","hasUnlockedComponent":"false","isUnifiedRootApp":"false"},"properties":{"appVersion":"2022-02-07T11:03:43Z","lifeCycleId":"Published","createdByClientVersion":{"major":3,"minor":22013,"build":7,"revision":0,"majorRevision":0,"minorRevision":0},"minClientVersion":{"major":3,"minor":22013,"build":7,"revision":0,"majorRevision":0,"minorRevision":0},"backgroundColor":"RGBA(0,176,240,1)","backgroundImageUri":"/16630444156695784467/N5f062709-1caf-4b59-af1c-0a31150b11b4-logoSmallFile","displayName":"Long Press Demo","description":"","commitMessage":"","appUris":{"documentUri":{"value":"/16630444156695784467/N379c8116-b29c-462e-b1fe-032fd0c4c45b-document.msapp"},"imageUris":[]},"createdTime":"0001-01-01T00:00:00Z","lastModifiedTime":"0001-01-01T00:00:00Z","sharedGroupsCount":0,"sharedUsersCount":0,"icons":{"smallIconUri":"/16630444156695784467/Ne55f9890-e4b3-4fad-b8f2-b40239731c46-small.png","mediumIconUri":"/16630444156695784467/Ne475a211-df35-4c91-b3fb-64312ef7aa41-medium.png","largeIconUri":"/16630444156695784467/Na47b602a-e32f-4a72-bcf0-6b051b360b85-large.png","wideIconUri":"/16630444156695784467/N14accb92-fc3f-4e41-a737-85b850df041b-wide.png"},"connectionReferences":{"2214f6a7-b61d-4450-a5b9-f3cf5c6f77ef":{"id":"5dbdbada-7618-4233-a0a0-c3f59400cf61","displayName":"SharePoint","iconUri":"https://connectoricons-prod.azureedge.net/releases/v1.0.1546/1.0.1546.2667/sharepointonline/icon.png","dataSources":["Documents"],"dependencies":[],"dependents":[],"parameterHints":{},"parameterHintsV2":{},"isOnPremiseConnection":false,"bypassConsent":false,"dataSets":{"https://cognizantlz1.sharepoint.com/sites/PowerPlatformTestSite":{"dataSources":{"Documents":{"tableName":"95facda1-9db8-4382-8387-cf2a577ca1f2"}}}},"apiTier":"Standard","isCustomApiConnection":false,"actions":["providers/PowerPlatform.Governance/Operations/Read"]}},"databaseReferences":{},"almMode":"Environment","performanceOptimizationEnabled":true,"canConsumeAppPass":true,"executionRestrictions":{"isTeamsOnly":false,"dataLossPreventionEvaluationResult":{"status":"Compliant","lastEvaluationDate":"2022-02-07T10:29:44.7907858Z","violations":[],"violationsByPolicy":[],"violationErrorMessage":"The app uses the following connectors: shared_sharepointonline."}}},"appType":"ClassicCanvasApp","appComponents":[]}}