{"schemaVersion":"1.0","appDefinitionTemplate":{"id":"/providers/Microsoft.PowerApps/apps/","type":"Microsoft.PowerApps/apps","tags":{"primaryDeviceWidth":"1366","primaryDeviceHeight":"768","sienaVersion":"20211206T165947Z-3.21112.22.0","deviceCapabilities":"","supportsPortrait":"true","supportsLandscape":"true","primaryFormFactor":"Tablet","publisherVersion":"3.21112.22","minimumRequiredApiVersion":"2.2.0","hasComponent":"false","hasUnlockedComponent":"false","isUnifiedRootApp":"false"},"properties":{"appVersion":"2021-12-06T16:59:47Z","lifeCycleId":"Published","createdByClientVersion":{"major":3,"minor":21112,"build":22,"revision":0,"majorRevision":0,"minorRevision":0},"minClientVersion":{"major":3,"minor":21112,"build":22,"revision":0,"majorRevision":0,"minorRevision":0},"backgroundColor":"RGBA(0,176,240,1)","backgroundImageUri":"/4235088146520904522/Nadd1dbdc-5fe2-4616-afc3-36eb2f5c6422-logoSmallFile","displayName":"Message Fade","description":"","commitMessage":"","appUris":{"documentUri":{"value":"/4235088146520904522/Nb1251183-44d5-4eab-bfef-be261e206ba0-document.msapp"},"imageUris":[]},"createdTime":"0001-01-01T00:00:00Z","lastModifiedTime":"0001-01-01T00:00:00Z","sharedGroupsCount":0,"sharedUsersCount":0,"icons":{"smallIconUri":"/4235088146520904522/Ne7fbbf32-be1b-46a1-bbfa-c4c4f099a4b1-small.png","mediumIconUri":"/4235088146520904522/N3565c07a-eddd-439c-9a3b-a60d320dab16-medium.png","largeIconUri":"/4235088146520904522/N23a3b129-8875-4abe-bc26-5619a732ee78-large.png","wideIconUri":"/4235088146520904522/Nf90549fd-db49-4655-814f-d24ba55b721a-wide.png"},"connectionReferences":{},"databaseReferences":{},"almMode":"Environment","performanceOptimizationEnabled":true,"canConsumeAppPass":true,"executionRestrictions":{"isTeamsOnly":false,"dataLossPreventionEvaluationResult":{"status":"Compliant","lastEvaluationDate":"2021-12-02T18:01:47.7288112Z","violations":[],"violationsByPolicy":[],"violationErrorMessage":"The app uses the following connectors: ."}}},"appType":"ClassicCanvasApp","appComponents":[]}}