{"schemaVersion":"1.0","appDefinitionTemplate":{"id":"/providers/Microsoft.PowerApps/apps/","type":"Microsoft.PowerApps/apps","tags":{"primaryDeviceWidth":"640","primaryDeviceHeight":"1136","sienaVersion":"20220202T205411Z-3.21124.16.0","deviceCapabilities":"","supportsPortrait":"true","supportsLandscape":"true","primaryFormFactor":"Phone","publisherVersion":"3.21124.16","minimumRequiredApiVersion":"2.2.0","hasComponent":"false","hasUnlockedComponent":"false","isUnifiedRootApp":"false"},"properties":{"appVersion":"2022-02-02T20:54:11Z","lifeCycleId":"Published","createdByClientVersion":{"major":3,"minor":21124,"build":16,"revision":0,"majorRevision":0,"minorRevision":0},"minClientVersion":{"major":3,"minor":21124,"build":16,"revision":0,"majorRevision":0,"minorRevision":0},"backgroundColor":"RGBA(0,176,240,1)","backgroundImageUri":"/9084516968114253819/Nebb3ecc8-5f47-41c2-af47-00624ad6388e-logoSmallFile","displayName":"ExpandingMobileMenu","description":"","commitMessage":"","appUris":{"documentUri":{"value":"/9084516968114253819/N8d7f25a4-93f1-4f9f-af5f-fbb1a67d0b0c-document.msapp"},"imageUris":[]},"createdTime":"0001-01-01T00:00:00Z","lastModifiedTime":"0001-01-01T00:00:00Z","sharedGroupsCount":0,"sharedUsersCount":0,"icons":{"smallIconUri":"/9084516968114253819/Nf817cb6a-58da-433f-b422-d97c88f540c5-small.png","mediumIconUri":"/9084516968114253819/N9783264e-3081-4d4c-a8f6-09748da41562-medium.png","largeIconUri":"/9084516968114253819/Nee930603-e4cb-48f2-aecc-fa0e2c9be9fb-large.png","wideIconUri":"/9084516968114253819/Na16951ab-d3df-45dd-a7f5-52d9aed005e8-wide.png"},"connectionReferences":{},"databaseReferences":{},"almMode":"Environment","performanceOptimizationEnabled":true,"canConsumeAppPass":true,"executionRestrictions":{"isTeamsOnly":false,"dataLossPreventionEvaluationResult":{"status":"Compliant","lastEvaluationDate":"2022-02-02T10:05:22.8458081Z","violations":[],"violationsByPolicy":[],"violationErrorMessage":"The app uses the following connectors: ."}}},"appType":"ClassicCanvasApp","appComponents":[]}}