{"schemaVersion":"1.0","appDefinitionTemplate":{"id":"/providers/Microsoft.PowerApps/apps/","type":"Microsoft.PowerApps/apps","tags":{"primaryDeviceWidth":"640","primaryDeviceHeight":"1136","sienaVersion":"20220204T143556Z-3.22013.7.0","deviceCapabilities":"","supportsPortrait":"true","supportsLandscape":"true","primaryFormFactor":"Phone","publisherVersion":"3.22013.7","minimumRequiredApiVersion":"2.2.0","hasComponent":"false","hasUnlockedComponent":"false","isUnifiedRootApp":"false"},"properties":{"appVersion":"2022-02-04T14:35:56Z","lifeCycleId":"Published","createdByClientVersion":{"major":3,"minor":22013,"build":7,"revision":0,"majorRevision":0,"minorRevision":0},"minClientVersion":{"major":3,"minor":22013,"build":7,"revision":0,"majorRevision":0,"minorRevision":0},"backgroundColor":"RGBA(0,176,240,1)","backgroundImageUri":"/11893373623714089315/Nd0c9ecc6-e014-4e95-8497-1b84bcb21dbf-logoSmallFile","displayName":"Multifunction button","description":"","commitMessage":"","appUris":{"documentUri":{"value":"/11893373623714089315/Nf036e31d-3343-45a6-9205-540d50d8b900-document.msapp"},"imageUris":[]},"createdTime":"0001-01-01T00:00:00Z","lastModifiedTime":"0001-01-01T00:00:00Z","sharedGroupsCount":0,"sharedUsersCount":0,"icons":{"smallIconUri":"/11893373623714089315/Nabaa8b60-b0a1-481b-b756-d04d3d5325fd-small.png","mediumIconUri":"/11893373623714089315/N9153921e-38b7-4ad6-9361-7ccf5d356ede-medium.png","largeIconUri":"/11893373623714089315/N0cf0ab68-b56f-4dba-b6c7-dad8ffc8b883-large.png","wideIconUri":"/11893373623714089315/Ndabf0807-be1e-449b-9fde-3c463203c063-wide.png"},"connectionReferences":{},"databaseReferences":{},"almMode":"Environment","performanceOptimizationEnabled":true,"canConsumeAppPass":true,"executionRestrictions":{"isTeamsOnly":false,"dataLossPreventionEvaluationResult":{"status":"Compliant","lastEvaluationDate":"2022-02-04T14:32:56.3162042Z","violations":[],"violationsByPolicy":[],"violationErrorMessage":"The app uses the following connectors: ."}}},"appType":"ClassicCanvasApp","appComponents":[]}}