{"schemaVersion":"1.0","appDefinitionTemplate":{"id":"/providers/Microsoft.PowerApps/apps/","type":"Microsoft.PowerApps/apps","tags":{"primaryDeviceWidth":"1366","primaryDeviceHeight":"768","sienaVersion":"20211116T094121Z-3.21102.25.0","deviceCapabilities":"","supportsPortrait":"true","supportsLandscape":"true","primaryFormFactor":"Tablet","publisherVersion":"3.21102.25","minimumRequiredApiVersion":"2.2.0","hasComponent":"false","hasUnlockedComponent":"false","isUnifiedRootApp":"false"},"properties":{"appVersion":"2021-11-16T09:41:21Z","lifeCycleId":"Published","createdByClientVersion":{"major":3,"minor":21102,"build":25,"revision":0,"majorRevision":0,"minorRevision":0},"minClientVersion":{"major":3,"minor":21102,"build":25,"revision":0,"majorRevision":0,"minorRevision":0},"backgroundColor":"rgba(246, 88, 16, 1)","backgroundImageUri":"/6741969040876772557/N99a91dc9-2f50-4329-8177-4079c90bf4d4-logoSmallFile","displayName":"Square","description":"","commitMessage":"","appUris":{"documentUri":{"value":"/6741969040876772557/N64fb1114-b381-4cf0-ac5a-3b67a47a5955-document.msapp"},"imageUris":[]},"createdTime":"0001-01-01T00:00:00Z","lastModifiedTime":"0001-01-01T00:00:00Z","sharedGroupsCount":0,"sharedUsersCount":0,"icons":{"smallIconUri":"/6741969040876772557/N22f21bc8-1bba-43af-923d-54486f4ad6fe-small.png","mediumIconUri":"/6741969040876772557/Nb4e592cc-48e0-4afd-8f71-d8796bdd32a4-medium.png","largeIconUri":"/6741969040876772557/N0f506e69-02c1-40a9-9248-760e02747015-large.png","wideIconUri":"/6741969040876772557/N8574e6a7-7af8-46d8-90f9-1623bb1e4cfb-wide.png"},"connectionReferences":{},"databaseReferences":{},"almMode":"Environment","performanceOptimizationEnabled":true,"canConsumeAppPass":true,"executionRestrictions":{"isTeamsOnly":false,"dataLossPreventionEvaluationResult":{"status":"Compliant","lastEvaluationDate":"2021-11-01T17:26:59.6907084Z","violations":[],"violationsByPolicy":[],"violationErrorMessage":"The app uses the following connectors: ."}}},"appType":"ClassicCanvasApp","appComponents":[]}}